TWT,VSTK
0,1.5
0.510963,1.5
0.938504,1.88308
2.2107,2.28051
6,2.52419
