TWT,CHANNEL
2.97043,0
2.7513,16.7562
2.32521,44.8383
1.85652,69.1969
1.36956,83.781
0.973911,89.6767
0.681737,94.176
0.426086,108.76
0.316521,120
